॥हॆब्बार-श्रीवैष्णव-सभा राजाजिनगरे॥ 	 hebbar-sabha-rajajinagar/
+Back bath 	 dyugangotri/images/l1/back-bath/
+Back room 	 dyugangotri/images/l1/back-room/
+Building 	 dyugangotri/building/
+Common areas 	 dyugangotri/images/l1/common-areas/
+dyugangotri homes 	 dyugangotri/
+Front bath 	 dyugangotri/images/l1/front-bath/
+Front room 	 dyugangotri/images/l1/front-room/
+L1 	 dyugangotri/images/l1/
+L3 	 dyugangotri/images/l3/
+चित्राणि 	 dyugangotri/images/
Categories 	 categories/
Execution 	 dyugangotri/building/Execution/
Getting_started 	 tags/getting_started/
Host 	 dyugangotri/host/
L1 Ad 	 dyugangotri/l1_ad/
L2 	 dyugangotri/l2/
L3 	 dyugangotri/l3/
Members 	 hebbar-sabha-rajajinagar/members/
Neighborhood 	 dyugangotri/neighborhood/
Norms 	 dyugangotri/norms/
Page Not Found 	 rekhaa-catering/404/
Plumbing 	 dyugangotri/building/plumbing/
Rekha catering: Intro 	 rekhaa-catering/
Search Results 	 search/
Solar plant 	 dyugangotri/building/Solar_plant/
Tags 	 tags/
Vision 	 dyugangotri/building/Vision/
जालक्षेत्रमिदमन्विष्यताम् 	 custom_site_search/
प्रवेशः! 	 
